fixed acidity,volatile acidity,citric acid,residual sugar,chlorides,free sulfur dioxide,total sulfur dioxide,density,pH,sulphates,alcohol,quality
5,0.55,0.14,8.3,0.032,35,164,0.9918,3.53,0.51,12.5,8
8.1,0.28,0.4,6.9,0.05,30,97,0.9951,3.26,0.44,10.1,6
6.3,0.19,0.21,1.8,0.049,35,163,0.9924,3.31,0.5,10.3,6
6.1,0.19,0.25,4,0.023,23,112,0.9923,3.37,0.51,11.6,6
6.4,0.35,0.28,1.6,0.037,31,113,0.98779,3.12,0.4,14.2,7
6.8,0.23,0.29,15.4,0.073,56,173,0.9984,3.06,0.41,8.7,6
6.6,0.54,0.21,16.3,0.055,41,182,0.9986,3.35,0.54,10.4,6
7.2,0.16,0.49,1.3,0.037,27,104,0.9924,3.23,0.57,10.6,6
5.7,0.22,0.2,16,0.044,41,113,0.99862,3.22,0.46,8.9,6
6.7,0.11,0.34,8.8,0.043,41,113,0.9962,3.42,0.4,9.3,7
6.9,0.22,0.37,15,0.053,59,178,0.9992,3.37,0.82,9.5,7
6.7,0.34,0.31,16.4,0.051,20,146,0.99834,3.06,0.54,9.1,5
6.8,0.17,0.32,1.4,0.04,35,106,0.99026,3.16,0.66,12,5
7.7,0.18,0.53,1.2,0.041,42,167,0.9908,3.11,0.44,11.9,5
7.4,0.16,0.27,15.5,0.05,25,135,0.9984,2.9,0.43,8.7,7
5.4,0.255,0.33,1.2,0.051,29,122,0.99048,3.37,0.66,11.3,6
6.6,0.15,0.34,1,0.037,45,79,0.98949,2.96,0.5,11.7,6
7.6,0.31,0.27,5.8,0.036,23,109,0.99399,3.34,0.54,11,6
6.4,0.125,0.29,5.85,0.042,24,99,0.992,3.23,0.32,12,7
7.3,0.19,0.24,6.3,0.054,34,231,0.9964,3.36,0.54,10,6
6,0.28,0.27,15.5,0.036,31,134,0.99408,3.19,0.44,13,7
7.6,0.28,0.39,1.9,0.052,23,116,0.9941,3.25,0.4,10.4,6
7.6,0.29,0.58,17.5,0.041,51,225,0.9997,3.16,0.66,9.5,6
8.4,0.22,0.3,1.3,0.038,45,122,0.99178,3.13,0.54,10.8,7
6.8,0.21,0.74,1.2,0.047,25,111,0.9916,3.13,0.41,10.7,6
6.3,0.26,0.21,4,0.03,24,125,0.9915,3.06,0.34,10.7,6
6.2,0.23,0.36,17.2,0.039,37,130,0.99946,3.23,0.43,8.8,6
8,0.37,0.31,4.7,0.038,3,127,0.99186,2.9,0.72,12.1,5
8,0.33,0.32,4.6,0.041,31,180,0.99184,2.92,0.74,12.2,6
8,0.55,0.17,8.2,0.04,13,60,0.9956,3.09,0.3,9.5,4
6.3,0.25,0.44,1.7,0.024,36,116,0.98935,3.18,0.4,12.5,6
7,0.31,0.29,1.4,0.037,33,128,0.9896,3.12,0.36,12.2,7
5.1,0.33,0.22,1.6,0.027,18,89,0.9893,3.51,0.38,12.5,7
7.6,0.21,0.44,1.9,0.036,10,119,0.9913,3.01,0.7,12.8,6
7,0.15,0.28,14.7,0.051,29,149,0.99792,2.96,0.39,9,7
5.7,0.135,0.3,4.6,0.042,19,101,0.9946,3.31,0.42,9.3,6
6.2,0.38,0.42,2.5,0.038,34,117,0.99132,3.36,0.59,11.6,7
6.6,0.26,0.46,6.9,0.047,59,183,0.99594,3.2,0.45,9.3,5
8,0.24,0.3,17.45,0.056,43,184,0.9997,3.05,0.5,9.2,6
6.9,0.37,0.28,13.8,0.031,34,137,0.9948,3.1,0.37,11.6,6
6.6,0.23,0.29,14.45,0.057,29,144,0.99756,3.33,0.54,10.2,6
6.4,0.18,0.28,17.05,0.047,53,139,0.99724,3.25,0.35,10.5,6
5.9,0.17,0.28,0.7,0.027,5,28,0.98985,3.13,0.32,10.6,5
6.6,0.26,0.27,11.8,0.048,28,112,0.99606,2.87,0.49,9.7,6
7.6,0.23,0.64,12.9,0.033,54,170,0.998,3,0.53,8.8,5
7,0.15,0.28,14.7,0.051,29,149,0.99792,2.96,0.39,9,7
6.2,0.24,0.22,7.9,0.053,45,149,0.99545,3.23,0.52,9.3,5
3.9,0.225,0.4,4.2,0.03,29,118,0.989,3.57,0.36,12.8,8
7,0.44,0.24,12.1,0.056,68,210,0.99718,3.05,0.5,9.5,5
7.4,0.49,0.24,15.1,0.03,34,153,0.9953,3.13,0.51,12,7
6.6,0.545,0.04,2.5,0.031,48,111,0.9906,3.14,0.32,11.9,5
7.9,0.26,0.33,10.3,0.039,73,212,0.9969,2.93,0.49,9.5,6
7.1,0.44,0.62,11.8,0.044,52,152,0.9975,3.12,0.46,8.7,6
6.8,0.26,0.43,11.75,0.045,53,198,0.9969,3.26,0.55,9.5,5
5.7,0.4,0.35,5.1,0.026,17,113,0.99052,3.18,0.67,12.4,6
5.7,0.16,0.32,1.2,0.036,7,89,0.99111,3.26,0.48,11,5
6.4,0.26,0.3,2.2,0.025,33,134,0.992,3.21,0.47,10.6,6
7.5,0.18,0.31,6.5,0.029,53,160,0.99276,3.03,0.38,10.9,6
6.9,0.4,0.22,5.95,0.081,76,303,0.99705,3.4,0.57,9.4,5
6.6,0.3,0.25,8,0.036,21,124,0.99362,3.06,0.38,10.8,6
6.8,0.3,0.29,6.2,0.025,29,95,0.99071,3.03,0.32,12.9,7
6.4,0.17,0.27,1.5,0.037,20,98,0.9916,3.46,0.42,11,7
7.6,0.48,0.37,1.2,0.034,5,57,0.99256,3.05,0.54,10.4,3
7.2,0.26,0.24,7,0.023,19,130,0.99176,3.14,0.49,12.8,7
6.5,0.29,0.31,1.7,0.035,24,79,0.99053,3.27,0.69,11.4,7
6.7,0.25,0.36,8.6,0.037,63,206,0.99553,3.18,0.5,9.6,5
6.9,0.21,0.81,1.1,0.137,52,123,0.9932,3.03,0.39,9.2,6
6.6,0.17,0.28,1.8,0.042,62,178,0.99204,3.15,0.42,10.2,5
6.6,0.24,0.27,15.8,0.035,46,188,0.9982,3.24,0.51,9.2,5
7.5,0.22,0.29,4.8,0.05,33,87,0.994,3.14,0.42,9.9,5
8,0.27,0.25,19.1,0.045,50,208,1.00051,3.05,0.5,9.2,6
7.4,0.19,0.49,9.3,0.03,26,132,0.994,2.99,0.32,11,7
7.1,0.25,0.31,2.3,0.05,32,156,0.9914,3.14,0.51,11.4,6
5.6,0.41,0.22,7.1,0.05,44,154,0.9931,3.3,0.4,10.5,5
6.6,0.37,0.07,1.4,0.048,58,144,0.9922,3.17,0.38,10,5
6.8,0.15,0.33,4.7,0.059,31,118,0.9956,3.43,0.39,9,7
6.9,0.22,0.31,6.3,0.029,41,131,0.99326,3.08,0.49,10.8,6
6.6,0.26,0.38,6.5,0.17,68,201,0.9956,3.19,0.38,9.4,6
6.9,0.29,0.23,8.6,0.056,56,215,0.9967,3.17,0.44,8.8,5
7,0.45,0.34,19.8,0.04,12,67,0.9976,3.07,0.38,11,6
6.8,0.33,0.31,7.4,0.045,34,143,0.99226,3.06,0.55,12.2,6
6.7,0.19,0.39,1,0.032,14,71,0.98912,3.31,0.38,13,7
7.2,0.34,0.3,8.4,0.051,40,167,0.99756,3.48,0.62,9.7,5
6,0.33,0.18,3,0.036,5,85,0.99125,3.28,0.4,11.5,4
8.2,0.15,0.48,2.7,0.052,24,190,0.995,3.5,0.45,10.9,7
5,0.29,0.54,5.7,0.035,54,155,0.98976,3.27,0.34,12.9,8
6.9,0.37,0.23,9.5,0.057,54,166,0.99568,3.23,0.42,10,5
7,0.3,0.27,1.5,0.076,24,145,0.99344,3.1,0.52,10.1,5
6.5,0.33,0.32,1,0.041,39,120,0.99004,3.06,0.37,12.2,6
6.9,0.43,0.28,9.4,0.056,29,183,0.99594,3.17,0.43,9.4,5
6.9,0.18,0.33,1,0.054,24,164,0.9926,3.42,0.51,10.5,5
7.5,0.24,0.29,1.1,0.046,34,84,0.9902,3.04,0.39,11.45,6
5.7,0.2,0.24,13.8,0.047,44,112,0.99837,2.97,0.66,8.8,6
6.8,0.28,0.43,7.6,0.03,30,110,0.99164,3.08,0.59,12.5,8
6.6,0.3,0.74,4.6,0.041,36,159,0.9946,3.21,0.45,9.9,5
7.2,0.2,0.28,1.6,0.028,13,168,0.99203,3.17,1.06,11.5,6
6.2,0.28,0.33,1.7,0.029,24,111,0.99,3.24,0.5,12.1,6
5.6,0.695,0.06,6.8,0.042,9,84,0.99432,3.44,0.44,10.2,5
8.3,0.21,0.41,2.2,0.05,24,108,0.994,2.85,0.45,9.5,5
7.2,0.39,0.63,11,0.044,55,156,0.9974,3.09,0.44,8.7,6
6,0.34,0.29,6.1,0.046,29,134,0.99462,3.48,0.57,10.7,6
6.7,0.14,0.51,4.3,0.028,57,124,0.99176,2.91,0.54,10.7,7
8.7,0.31,0.73,14.35,0.044,27,191,1.00013,2.96,0.88,8.7,5
7.1,0.31,0.25,11.2,0.048,32,136,0.99663,3.14,0.4,9.5,5
5.8,0.15,0.28,0.8,0.037,43,127,0.99198,3.24,0.51,9.3,5
6.3,0.39,0.35,5.9,0.04,82.5,260,0.9941,3.12,0.66,10.1,5
6.8,0.2,0.27,1.2,0.034,19,68,0.9902,3.14,0.37,11.7,4
6.2,0.25,0.54,7,0.046,58,176,0.99454,3.19,0.7,10.4,5
6.6,0.25,0.51,8,0.047,61,189,0.99604,3.22,0.49,9.2,5
6.9,0.15,0.29,2.3,0.033,14,82,0.99132,3.1,0.58,11.2,7
6.1,0.41,0.2,12.6,0.032,54,136,0.99516,2.91,0.43,10.6,6
6.8,0.31,0.25,10.5,0.043,30,165,0.9972,3.36,0.55,10.55,6
6.9,0.3,0.21,15.7,0.056,49,159,0.99827,3.11,0.48,9,5
6.4,0.32,0.31,1.9,0.037,34,126,0.99,3.06,0.45,11.8,6
6.1,0.34,0.31,12,0.053,46,238,0.9977,3.16,0.48,8.6,5
5.9,0.26,0.29,5.4,0.046,34,116,0.99224,3.24,0.41,11.4,6
8.6,0.18,0.4,1.1,0.04,20,107,0.9923,2.94,0.32,10.2,7
6,0.25,0.4,5.7,0.052,56,152,0.99398,3.16,0.88,10.5,6
7.1,0.25,0.28,1.6,0.052,46,169,0.9926,3.05,0.41,10.5,5
6.4,0.24,0.26,8.2,0.054,47,182,0.99538,3.12,0.5,9.5,5
6.6,0.16,0.36,1.1,0.031,27,93,0.98884,3.23,0.34,13.2,8
6.2,0.2,0.25,15,0.055,8,120,0.99767,3.19,0.53,9.6,6
6.7,0.28,0.34,8.9,0.048,32,111,0.99455,3.25,0.54,11,7
6.6,0.2,0.38,7.9,0.052,30,145,0.9947,3.32,0.56,11,7
6.5,0.28,0.29,2.7,0.038,26,107,0.9912,3.32,0.41,11.6,7
6.5,0.22,0.5,16.4,0.048,36,182,0.99904,3.02,0.49,8.8,6
6.6,0.23,0.24,3.9,0.045,36,138,0.9922,3.15,0.64,11.3,7
6.2,0.255,0.24,1.7,0.039,138.5,272,0.99452,3.53,0.53,9.6,4
6.9,0.31,0.32,1.2,0.024,20,166,0.99208,3.05,0.54,9.8,6
8.9,0.32,0.49,1.6,0.05,17,131,0.9956,3.13,0.34,9.4,5
6.5,0.29,0.25,2.5,0.142,8,111,0.9927,3,0.44,9.9,4
7.7,0.18,0.3,1.2,0.046,49,199,0.99413,3.03,0.38,9.3,5
8.9,0.34,0.32,1.3,0.041,12,188,0.9953,3.17,0.49,9.5,5
7.2,0.25,0.39,18.95,0.038,42,155,0.9999,2.97,0.47,9,6
6.4,0.3,0.27,4.4,0.055,17,135,0.9925,3.23,0.44,12.2,6
6.6,0.21,0.49,18.15,0.042,41,158,0.9997,3.28,0.39,8.7,6
6.8,0.32,0.32,8.7,0.029,31,105,0.99146,3,0.34,12.3,7
6.8,0.29,0.5,13.3,0.053,48,194,0.9974,3.09,0.45,9.4,5
5,0.3,0.33,3.7,0.03,54,173,0.9887,3.36,0.3,13,7
7.8,0.28,0.34,1.6,0.028,32,118,0.9901,3,0.38,12.1,7
5.7,0.18,0.26,2.2,0.023,21,95,0.9893,3.07,0.54,12.3,6
7.6,0.2,0.26,4.8,0.033,26,76,0.99076,2.98,0.49,12.3,7
7.1,0.36,0.37,4.8,0.019,39,114,0.99036,3.08,0.49,12.7,7
6.8,0.32,0.43,1.6,0.05,4,65,0.99346,3.27,0.47,10.7,5
5,0.61,0.12,1.3,0.009,65,100,0.9874,3.26,0.37,13.5,5
6.6,0.34,0.4,8.1,0.046,68,170,0.99494,3.15,0.5,9.55,6
7.3,0.13,0.32,14.4,0.051,34,109,0.9974,3.2,0.35,9.2,6
6.1,0.27,0.32,1.1,0.034,24,110,0.9898,3.36,0.4,12.5,6
6.2,0.31,0.23,3.3,0.052,34,113,0.99429,3.16,0.48,8.4,5
6.9,0.19,0.39,8,0.028,22,84,0.994,3.11,0.66,10.8,6
6.4,0.595,0.14,5.2,0.058,15,97,0.9951,3.38,0.36,9,4
6.4,0.15,0.31,1.1,0.044,25,96,0.9932,3.54,0.51,10.3,6
7,0.57,0.1,8.3,0.094,23,188,0.9972,3.4,0.47,9.2,4
6.9,0.2,0.4,7.7,0.032,51,176,0.9939,3.22,0.27,11.4,5
6.7,0.28,0.28,2.4,0.012,36,100,0.99064,3.26,0.39,11.7,7
6,0.28,0.24,17.8,0.047,42,111,0.99896,3.1,0.45,8.9,6
7.7,0.34,0.3,8,0.048,25,192,0.9951,2.97,0.47,10.9,5
7,0.2,0.34,2.1,0.049,12,136,0.9922,3.25,0.46,11.6,7
6.8,0.28,0.36,8,0.045,28,123,0.9928,3.02,0.37,11.4,6
4.9,0.47,0.17,1.9,0.035,60,148,0.98964,3.27,0.35,11.5,6
5.8,0.33,0.2,16.05,0.047,26,166,0.9976,3.09,0.46,8.9,5
7.6,0.17,0.45,11.2,0.054,56,137,0.997,3.15,0.47,10,5
6.8,0.64,0.08,9.7,0.062,26,142,0.9972,3.37,0.46,8.9,4
5.6,0.23,0.25,8,0.043,31,101,0.99429,3.19,0.42,10.4,6
7,0.29,0.54,10.7,0.046,59,234,0.9966,3.05,0.61,9.5,5
7.1,0.21,0.32,2.2,0.037,28,141,0.993,3.2,0.57,10,7
6.3,0.32,0.32,1.5,0.037,12,76,0.98993,3.3,0.46,12.3,6
7.1,0.28,0.26,1.9,0.049,12,86,0.9934,3.15,0.38,9.4,5
5.9,0.2,0.23,1.5,0.037,38,93,0.99021,3.36,0.49,12,6
6.8,0.14,0.35,1.5,0.047,40,117,0.99111,3.07,0.72,11.1,6
6.4,0.29,0.18,15,0.04,21,116,0.99736,3.14,0.5,9.2,5
8.9,0.33,0.32,1.5,0.047,11,200,0.9954,3.19,0.46,9.4,5
6.7,0.22,0.39,1.2,0.049,26,152,0.99346,3.5,0.47,10,6
6.8,0.33,0.44,7,0.05,29,155,0.9955,3.14,0.42,9.5,5
6.8,0.19,0.33,1.3,0.031,22,87,0.98987,3.08,0.62,12.3,7
7.7,0.43,0.28,4.5,0.046,33,102,0.9918,3.16,0.56,12.2,7
5.7,0.23,0.25,7.95,0.042,16,108,0.99486,3.44,0.61,10.3,6
9.4,0.23,0.56,16.45,0.063,52.5,282,1.00098,3.1,0.51,9.3,5
5.8,0.3,0.27,1.7,0.014,45,104,0.98914,3.4,0.56,12.6,7
6.8,0.16,0.18,1.8,0.046,31,114,0.99226,3.27,0.55,10.8,6
6.5,0.17,0.33,1.4,0.028,14,99,0.9928,3.23,0.55,10.1,6
7.8,0.28,0.25,3.4,0.024,27,99,0.98959,2.98,0.37,13,6
7.2,0.16,0.32,0.8,0.04,50,121,0.9922,3.27,0.33,10,6
7.2,0.33,0.22,4.5,0.031,10,73,0.99076,2.97,0.52,12.2,7
7.2,0.23,0.38,14.3,0.058,55,194,0.9979,3.09,0.44,9,6
6.8,0.27,0.3,13,0.047,69,160,0.99705,3.16,0.5,9.6,6
7.4,0.39,0.23,7,0.033,29,126,0.994,3.14,0.42,10.5,5
6.9,0.29,0.32,5.8,0.04,16,112,0.993,3.04,0.58,11.2,5
6.3,0.41,0.16,0.9,0.032,25,98,0.99274,3.16,0.42,9.5,5
5.6,0.13,0.27,4.8,0.028,22,104,0.9948,3.34,0.45,9.2,6
6.6,0.22,0.23,17.3,0.047,37,118,0.99906,3.08,0.46,8.8,6
5.8,0.26,0.3,2.6,0.034,75,129,0.9902,3.2,0.38,11.5,4
6.9,0.25,0.26,5.2,0.024,36,135,0.9948,3.16,0.72,10.7,7
6.2,0.26,0.32,15.3,0.031,64,185,0.99835,3.31,0.61,9.4,5
6.9,0.24,0.23,7.1,0.041,20,97,0.99246,3.1,0.85,11.4,6
7.8,0.18,0.31,12.2,0.053,46,140,0.998,3.06,0.53,8.9,6
8,0.45,0.36,8.8,0.026,50,151,0.9927,3.07,0.25,12.7,8
6.9,0.31,0.34,7.4,0.059,36,174,0.9963,3.46,0.62,11.1,7
7.3,0.14,0.49,1.1,0.038,28,99,0.9928,3.2,0.72,10.6,6
7.2,0.21,0.33,3,0.036,35,132,0.9928,3.25,0.4,11,6
7.1,0.26,0.32,16.2,0.044,31,170,0.99644,3.17,0.37,11.2,5
6.2,0.16,0.32,1.1,0.036,74,184,0.99096,3.22,0.41,11,6
6.7,0.16,0.34,1.6,0.026,27,109,0.9934,3.34,0.58,10.1,6
6.5,0.24,0.39,17.3,0.052,22,126,0.99888,3.11,0.47,9.2,6
5.9,0.27,0.29,11.4,0.036,31,115,0.9949,3.35,0.48,10.5,8
6.4,0.27,0.29,10.8,0.028,17,118,0.99356,3.18,0.37,11.2,6
8.2,0.68,0.3,2.1,0.047,17,138,0.995,3.22,0.71,10.8,4
9,0.22,0.49,10.4,0.048,52,195,0.9987,3.31,0.44,10.2,6
8,0.32,0.36,4.6,0.042,56,178,0.9928,3.29,0.47,12,6
6,0.29,0.25,1.4,0.033,30,114,0.98794,3.08,0.43,13.2,6
7.6,0.27,0.52,3.2,0.043,28,152,0.99129,3.02,0.53,11.4,6
6.9,0.26,0.29,4.2,0.043,33,114,0.9902,3.16,0.31,12.5,6
5.7,0.23,0.28,9.65,0.025,26,121,0.9925,3.28,0.38,11.3,6
6.9,0.21,0.62,6.3,0.042,7,109,0.99358,2.96,0.59,10.2,6
8.6,0.2,0.42,1.5,0.041,35,125,0.9925,3.11,0.49,11.4,7
6.5,0.13,0.27,2.6,0.035,32,76,0.9914,3.21,0.76,11.33333333,6
6.2,0.33,0.29,1.3,0.042,26,138,0.9956,3.77,0.64,9.5,5
5.9,0.12,0.27,4.8,0.03,40,110,0.99226,3.55,0.68,12.1,6
7.9,0.44,0.26,4.45,0.033,23,100,0.99117,3.17,0.52,12.7,6
7.5,0.31,0.51,14.8,0.039,62,204,0.9982,3.06,0.6,9.5,5
7.6,0.28,0.17,1.6,0.046,28,117,0.99288,3.08,0.43,10,5
7.1,0.31,0.47,13.6,0.056,54,197,0.9978,3.1,0.49,9.3,5
7.6,0.2,0.68,12.9,0.042,56,160,0.99841,3.05,0.41,8.7,5
6,0.26,0.33,4.35,0.04,15,80,0.98934,3.29,0.5,12.7,6
6.8,0.24,0.31,18.3,0.046,40,142,1,3.3,0.41,8.7,5
6.4,0.24,0.26,8.2,0.054,47,182,0.99538,3.12,0.5,9.5,5
6.7,0.14,0.46,1.6,0.036,15,92,0.99264,3.37,0.49,10.9,5
5,0.24,0.34,1.1,0.034,49,158,0.98774,3.32,0.32,13.1,7
8.4,0.18,0.42,5.1,0.036,7,77,0.9939,3.16,0.52,11.7,5
7,0.53,0.02,1,0.036,39,107,0.993,3.2,0.32,9,5
8.3,0.27,0.45,1.3,0.048,8,72,0.9944,3.08,0.61,10.3,4
7.8,0.19,0.32,7.4,0.015,47,124,0.99278,2.99,0.39,11,6
6.5,0.3,0.28,11.45,0.041,29,109,0.99418,2.98,0.3,10.9,6
6.5,0.26,0.32,6.65,0.059,34,104,0.99254,3.18,0.42,11.1,5
8.1,0.33,0.36,7.4,0.037,36,156,0.99592,3.19,0.54,10.6,6
9.2,0.15,0.68,1.6,0.046,22,130,0.9948,3.02,0.45,10.4,6
7.4,0.41,0.66,10.8,0.051,77,194,0.9976,3.05,0.46,8.7,5
6.4,0.35,0.51,7.8,0.055,53,177,0.99502,3.12,0.45,9.6,5
5.8,0.36,0.26,3.3,0.038,40,153,0.9911,3.34,0.55,11.3,6
6.1,0.28,0.25,12.9,0.054,34,189,0.9979,3.25,0.43,9,4
7.8,0.13,0.3,1.8,0.04,43,179,0.9955,3.43,0.41,9,5
6.4,0.21,0.5,11.6,0.042,45,153,0.9972,3.15,0.43,8.8,5
8.9,0.24,0.33,15.75,0.035,16,132,0.996,3,0.37,12.1,6
5.8,0.275,0.3,5.4,0.043,41,149,0.9926,3.33,0.42,10.8,7
5.7,0.15,0.28,3.7,0.045,57,151,0.9913,3.22,0.27,11.2,6
6.4,0.22,0.32,7.2,0.028,15,83,0.993,3.13,0.55,10.9,8
6.1,0.26,0.28,1.7,0.043,24,98,0.98918,3.14,0.44,12.5,6
7.4,0.2,0.35,6.1,0.025,10,40,0.99244,2.79,0.52,10.9,5
6.8,0.18,0.28,9.8,0.039,29,113,0.99406,3.11,0.45,10.9,7
5.7,0.28,0.28,2.2,0.019,15,65,0.9902,3.06,0.52,11.2,6
7.7,0.25,0.3,7.8,0.038,67,196,0.99555,3.1,0.5,10.1,5
6.7,0.25,0.23,7.2,0.038,61,220,0.9952,3.14,0.35,9.5,5
7.3,0.24,0.34,7.5,0.048,29,152,0.9962,3.1,0.54,9,5
7.4,0.25,0.36,13.2,0.067,53,178,0.9976,3.01,0.48,9,6
7.6,0.19,0.41,1.1,0.04,38,143,0.9907,2.92,0.42,11.4,5
6.6,0.22,0.3,14.7,0.045,50,136,0.99704,3.14,0.37,10.6,6
7.1,0.26,0.34,14.4,0.067,35,189,0.9986,3.07,0.53,9.1,7
6.4,0.26,0.26,1.1,0.052,22,176,0.99304,3.09,0.54,9.3,5
6.7,0.27,0.69,1.2,0.176,36,106,0.99288,2.96,0.43,9.2,6
6.5,0.36,0.31,13.55,0.053,20,113,0.99544,3.2,0.56,11,6
7,0.18,0.49,5.3,0.04,34,125,0.9914,3.24,0.4,12.2,6
6.1,0.38,0.14,3.9,0.06,27,113,0.99344,3.07,0.34,9.2,4
6.6,0.24,0.28,1.8,0.028,39,132,0.99182,3.34,0.46,11.4,5
6.8,0.25,0.27,10.7,0.076,47,154,0.9967,3.05,0.38,9,5
6.6,0.25,0.33,8.5,0.042,29,141,0.99546,3.28,0.6,10.4,5
6.7,0.41,0.34,9.2,0.049,29,150,0.9968,3.22,0.51,9.1,5
7.2,0.2,0.36,2.5,0.028,22,157,0.9938,3.48,0.49,10.6,6
6.6,0.21,0.6,1.1,0.135,61,144,0.9927,3.12,0.39,9.3,7
6.7,0.26,0.39,6.4,0.171,64,200,0.99562,3.19,0.38,9.4,6
6.2,0.3,0.26,13.4,0.046,57,206,0.99775,3.17,0.43,9.5,6
6.9,0.28,0.24,2.1,0.034,49,121,0.98882,2.98,0.43,13.2,7
6.1,0.33,0.32,7.8,0.052,52,183,0.99657,3.39,0.65,9.5,5
6.4,0.28,0.45,8.6,0.057,47,223,0.99654,3.16,0.51,9.1,5
7.2,0.16,0.26,7.1,0.054,41,224,0.9966,3.38,0.55,10.1,5
8.3,0.2,0.49,1.7,0.04,34,169,0.9938,3.05,0.37,10.1,5
6.5,0.2,0.35,3.9,0.04,27,140,0.99102,2.98,0.53,11.8,6
6.2,0.35,0.29,3.9,0.041,22,79,0.99005,3.1,0.59,12.06666667,6
6.1,0.31,0.34,2.8,0.042,59.5,162,0.99179,3.27,0.47,10.8,6
4.8,0.34,0,6.5,0.028,33,163,0.9939,3.36,0.61,9.9,6
6.9,0.23,0.33,12.8,0.056,44,169,0.998,3.42,0.42,9.8,6
7.1,0.29,0.34,7.8,0.036,49,128,0.99397,3.21,0.4,10.7,6
7.1,0.17,0.4,14.55,0.047,47,156,0.99945,3.34,0.78,9.1,6
7.4,0.14,0.3,1.3,0.033,25,91,0.99268,3.53,0.39,10.6,6
5.8,0.28,0.3,1.5,0.026,31,114,0.98952,3.32,0.6,12.5,7
7.7,0.34,0.58,11.1,0.039,41,151,0.9978,3.06,0.49,8.6,5
6.5,0.43,0.28,11.25,0.032,31,87,0.9922,3.02,0.38,12.4,6
7.8,0.16,0.41,1.7,0.026,29,140,0.991,3.02,0.78,12.5,6
6.4,0.17,0.27,9.9,0.047,26,101,0.99596,3.34,0.5,9.9,6
6.5,0.31,0.14,7.5,0.044,34,133,0.9955,3.22,0.5,9.5,5
6.8,0.73,0.2,6.6,0.054,25,65,0.99324,3.12,0.28,11.1,4
6.2,0.39,0.24,4.8,0.037,45,138,0.99174,3.23,0.43,11.2,7
6.4,0.41,0.01,6.1,0.048,20,70,0.99362,3.19,0.42,10,5
6,0.16,0.36,1.6,0.042,13,61,0.99143,3.22,0.54,10.8,6
5.9,0.14,0.2,1.6,0.04,26,114,0.99105,3.25,0.45,11.4,6
7.5,0.42,0.19,6.9,0.041,62,150,0.99508,3.23,0.37,10,6
6.4,0.69,0.09,7.6,0.044,34,144,0.9948,3.26,0.38,10.1,6
7.3,0.28,0.54,12.9,0.049,62,152,0.9984,3.06,0.45,9.1,6
7.3,0.2,0.39,2.3,0.048,24,87,0.99044,2.94,0.35,12,6
5.6,0.15,0.26,5.55,0.051,51,139,0.99336,3.47,0.5,11,6
8.2,0.32,0.26,2.1,0.062,26,87,0.98974,3.1,0.47,12.8,6
6.9,0.32,0.26,2.3,0.03,11,103,0.99106,3.06,0.42,11.1,6
5.9,0.22,0.38,1.3,0.046,24,90,0.99232,3.2,0.47,10,6
5.7,0.26,0.24,17.8,0.059,23,124,0.99773,3.3,0.5,10.1,5
6.5,0.24,0.19,1.2,0.041,30,111,0.99254,2.99,0.46,9.4,6
7.5,0.29,0.36,15.7,0.05,29,124,0.9968,3.06,0.54,10.4,5
6.1,0.15,0.35,15.8,0.042,55,158,0.99642,3.24,0.37,10.6,5
7.3,0.22,0.26,1.5,0.04,32,172,0.99194,3.27,0.48,11.2,6
9.4,0.16,0.23,1.6,0.042,14,67,0.9942,3.07,0.32,9.5,5
7.1,0.365,0.14,1.2,0.055,24,84,0.9941,3.15,0.43,8.9,5
7,0.16,0.32,8.3,0.045,38,126,0.9958,3.21,0.34,9.2,5
5.1,0.42,0.01,1.5,0.017,25,102,0.9894,3.38,0.36,12.3,7
6.9,0.3,0.21,7.2,0.045,54,190,0.99595,3.22,0.48,9.4,5
6.9,0.38,0.29,13.65,0.048,52,189,0.99784,3,0.6,9.5,6
6.4,0.5,0.2,2.4,0.059,19,112,0.99314,3.18,0.4,9.2,6
8,0.25,0.13,17.2,0.036,49,219,0.9996,2.96,0.46,9.7,5
7.4,0.36,0.33,1.4,0.025,27,55,0.9915,3.21,0.33,11.2,6
6.6,0.23,0.26,1.3,0.045,16,128,0.9934,3.36,0.6,10,6
6.4,0.23,0.26,8.1,0.054,47,181,0.9954,3.12,0.49,9.4,5
7.2,0.21,0.37,1.6,0.049,23,94,0.9924,3.16,0.48,10.9,7
6.1,0.24,0.3,1.5,0.045,22,61,0.992,3.31,0.54,10.4,5
6.4,0.23,0.39,1.8,0.032,23,118,0.9912,3.32,0.5,11.8,6
6.8,0.39,0.34,7.4,0.02,38,133,0.99212,3.18,0.44,12,7
8.1,0.25,0.34,10.1,0.05,30,121,0.99724,3.17,0.49,10.1,6
7.4,0.33,0.26,15.6,0.049,67,210,0.99907,3.06,0.68,9.5,5
6.5,0.18,0.41,14.2,0.039,47,129,0.99678,3.28,0.72,10.3,7
6.9,0.34,0.74,11.2,0.069,44,150,0.9968,3,0.81,9.2,5
7.8,0.965,0.6,65.8,0.074,8,160,1.03898,3.39,0.69,11.7,6
6.4,0.23,0.35,10.3,0.042,54,140,0.9967,3.23,0.47,9.2,5
6.5,0.29,0.3,9.15,0.051,25,166,0.99339,3.24,0.56,11.35,6
6.9,0.19,0.35,1.7,0.036,33,101,0.99315,3.21,0.54,10.8,7
6.2,0.29,0.32,3.6,0.026,39,138,0.9892,3.31,0.37,13.1,7
9.5,0.21,0.47,1.3,0.039,21,123,0.9959,2.9,0.64,9.5,5
7.6,0.22,0.28,12,0.056,68,143,0.9983,2.99,0.3,9.2,6
6.8,0.24,0.29,2,0.044,15,96,0.99232,3.23,0.64,10.4,8
7.9,0.18,0.37,1.2,0.04,16,75,0.992,3.18,0.63,10.8,5
7.1,0.2,0.31,6.85,0.053,32,211,0.99587,3.31,0.59,10.4,6
6.7,0.48,0.32,1.4,0.021,22,121,0.9889,3.15,0.53,12.7,7
6,0.26,0.18,7,0.055,50,194,0.99591,3.21,0.43,9,5
6.9,0.21,0.33,1.8,0.034,48,136,0.9899,3.25,0.41,12.6,7
7,0.2,0.34,5.7,0.035,32,83,0.9928,3.19,0.46,11.5,6
6.7,0.29,0.45,14.3,0.054,30,181,0.99869,3.14,0.57,9.1,5
6,0.28,0.27,2.3,0.051,23,147,0.994,3.23,0.67,10.3,6
6.4,0.41,0.24,14,0.048,24,113,0.9982,3.44,0.53,9.8,6
7.6,0.3,0.37,1.6,0.087,27,177,0.99438,3.09,0.5,9.8,5
7.2,0.15,0.38,1.2,0.038,18,110,0.9917,3.19,0.43,11.1,6
7.4,0.19,0.3,12.8,0.053,48.5,229,0.9986,3.14,0.49,9.1,7
6.6,0.39,0.38,9.7,0.053,49,226,0.99787,3.3,0.57,9.4,6
6.3,0.33,0.2,17.9,0.066,36,161,0.9991,3.14,0.51,8.8,5
6.2,0.3,0.33,3.5,0.037,37,155,0.98987,3.18,0.37,12.4,6
6.6,0.41,0.16,1.4,0.037,28,160,0.99167,2.95,0.45,10.6,6
7.3,0.3,0.34,2.7,0.044,34,108,0.99105,3.36,0.53,12.8,8
6.4,0.17,0.32,2.4,0.048,41,200,0.9938,3.5,0.5,9.7,6
8.1,0.28,0.46,15.4,0.059,32,177,1.0004,3.27,0.58,9,4
6.6,0.23,0.3,14.9,0.051,33,118,0.99835,3.04,0.54,9,6
6.5,0.18,0.33,1.4,0.029,35,138,0.99114,3.36,0.6,11.5,7
6.6,0.25,0.3,14.4,0.052,40,183,0.998,3.02,0.5,9.1,6
6.1,0.27,0.31,1.5,0.035,17,83,0.99076,3.32,0.44,11.1,7
6.2,0.3,0.21,1.1,0.032,31,111,0.9889,2.97,0.42,12.2,6
8.1,0.34,0.28,7.5,0.04,70,230,0.99558,3.14,0.55,9.8,6
7.1,0.39,0.35,12.5,0.044,26,72,0.9941,3.17,0.29,11.6,5
7.8,0.43,0.49,13,0.033,37,158,0.9955,3.14,0.35,11.3,6
6.8,0.27,0.24,4.6,0.098,36,127,0.99412,3.15,0.49,9.6,6
7.15,0.17,0.24,9.6,0.119,56,178,0.99578,3.15,0.44,10.2,6
6.4,0.14,0.28,7.9,0.057,21,82,0.99425,3.26,0.36,10,6
6.6,0.34,0.25,4.8,0.038,16,121,0.99198,3.36,0.71,12.6,6
8.4,0.19,0.42,1.6,0.047,9,101,0.994,3.06,0.65,11.1,4
6.2,0.21,0.27,1.7,0.038,41,150,0.9933,3.49,0.71,10.5,7
6.6,0.26,0.21,2.9,0.026,48,126,0.99089,3.22,0.38,11.3,7
6.8,0.26,0.22,7.7,0.047,57,210,0.9959,3.1,0.47,9,5
7.1,0.25,0.25,1.6,0.046,50,181,0.9925,3.2,0.42,11,7
9.2,0.28,0.41,1,0.042,14,59,0.9922,2.96,0.25,10.5,6
6.3,0.24,0.29,13.7,0.035,53,134,0.99567,3.17,0.38,10.6,6
6.4,0.22,0.49,7.5,0.054,42,151,0.9948,3.27,0.52,10.1,6
6.6,0.46,0.49,7.4,0.052,19,184,0.9956,3.11,0.38,9,5
6.3,0.33,0.42,17.2,0.037,57,170,0.99884,3.26,0.57,9.4,6
7.2,0.22,0.24,1.4,0.041,17,159,0.99196,3.25,0.53,11.2,6
7.2,0.2,0.22,1.6,0.044,17,101,0.99471,3.37,0.53,10,5
6.2,0.16,0.34,1.7,0.038,85,153,0.9909,3.33,0.86,12,7
7,0.3,0.28,2.2,0.042,21,177,0.99166,3.2,0.57,11.4,5
6.2,0.24,0.27,2.9,0.039,30,123,0.98959,3.12,0.37,12.8,6
6.8,0.28,0.37,7,0.057,35,208,0.9973,3.57,0.55,10.2,5
9.2,0.28,0.46,3.2,0.058,39,133,0.996,3.14,0.58,9.5,5
6.5,0.2,0.31,2.1,0.033,32,95,0.989435,2.96,0.61,12,6
8,0.18,0.49,1.8,0.061,10,145,0.9942,3.23,0.48,10,5
5.2,0.31,0.2,2.4,0.027,27,117,0.98886,3.56,0.45,13,7
6.6,0.38,0.15,4.6,0.044,25,78,0.9931,3.11,0.38,10.2,6
5.3,0.4,0.25,3.9,0.031,45,130,0.99072,3.31,0.58,11.75,7
6.8,0.35,0.44,6.5,0.056,31,161,0.9952,3.14,0.44,9.5,5
6.9,0.19,0.33,1.6,0.039,27,98,0.9898,3.09,0.46,12.3,7
7.2,0.25,0.19,8,0.044,51,172,0.9964,3.16,0.44,9.2,5
6.1,0.3,0.56,2.8,0.044,47,179,0.9924,3.3,0.57,10.9,7
6.3,0.26,0.29,2.2,0.043,35,175,0.9918,3.38,0.43,11.6,6
6.3,0.15,0.3,1.4,0.022,38,100,0.99099,3.42,0.57,11.4,7
7.2,0.32,0.4,8.7,0.038,45,154,0.99568,3.2,0.47,10.4,6
7.3,0.25,0.36,2.1,0.034,30,177,0.99085,3.25,0.4,11.9,8
6.7,0.25,0.26,1.55,0.041,118.5,216,0.9949,3.55,0.63,9.4,3
7.5,0.23,0.68,11,0.047,37,133,0.9978,2.99,0.38,8.8,5
6.6,0.24,0.38,12.75,0.034,8,74,0.99386,3.1,0.57,12.9,6
8.2,0.31,0.43,7,0.047,18,87,0.99628,3.23,0.64,10.6,5
6.5,0.18,0.34,1.6,0.04,43,148,0.9912,3.32,0.59,11.5,8
7.7,0.29,0.29,4.8,0.06,27,156,0.99572,3.49,0.59,10.3,6
6.9,0.39,0.4,4.6,0.022,5,19,0.9915,3.31,0.37,12.6,3
5.8,0.32,0.31,2.7,0.049,25,153,0.99067,3.44,0.73,12.2,7
7,0.15,0.28,14.7,0.051,29,149,0.99792,2.96,0.39,9,7
6.2,0.1,0.41,1,0.04,17,76,0.98988,3.14,0.56,11.4,7
7.2,0.21,0.36,15.7,0.045,68,183,0.99922,3.25,0.76,9.4,5
4.4,0.46,0.1,2.8,0.024,31,111,0.98816,3.48,0.34,13.1,6
6.5,0.32,0.3,2.3,0.051,20,127,0.98964,3.13,0.52,12.8,6
6.7,0.22,0.33,1.2,0.036,36,86,0.99058,3.1,0.76,11.4,6
9,0.26,0.34,6.7,0.029,21,162,0.99497,3.08,0.5,10.6,6
7.4,0.18,0.4,1.6,0.047,22,102,0.9937,3.28,0.44,10.7,5
6.5,0.51,0.25,1.7,0.048,39,177,0.99212,3.28,0.57,10.6,5
6.9,0.3,0.21,15.7,0.056,49,159,0.99827,3.11,0.48,9,5
7.2,0.24,0.27,11.4,0.034,40,174,0.99773,3.2,0.44,9,5
7.7,0.3,0.42,14.3,0.045,45,213,0.9991,3.18,0.63,9.2,5
6.8,0.2,0.38,4.7,0.04,27,103,0.994,3.37,0.58,10.7,6
6.3,0.37,0.28,6.3,0.034,45,152,0.9921,3.29,0.46,11.6,7
7.1,0.16,0.25,1.3,0.034,28,123,0.9915,3.27,0.55,11.4,6
8.7,0.23,0.32,13.4,0.044,35,169,0.99975,3.12,0.47,8.8,7
5,0.33,0.16,1.5,0.049,10,97,0.9917,3.48,0.44,10.7,6
7.3,0.24,0.43,2,0.021,20,69,0.99,3.08,0.56,12.2,6
10.3,0.25,0.48,2.2,0.042,28,164,0.998,3.19,0.59,9.7,5
5.8,0.2,0.3,1.5,0.031,21,57,0.99115,3.44,0.55,11,6
5.8,0.22,0.29,1.3,0.036,25,68,0.98865,3.24,0.35,12.6,6
7.3,0.26,0.49,5,0.028,32,107,0.9936,3.24,0.54,10.8,6
6.9,0.33,0.62,7.5,0.038,46,132,0.99143,3.23,0.43,13.4,7
6.4,0.17,0.34,1.5,0.091,42,135,0.9938,3.25,0.49,9.6,7
6.7,0.21,0.34,1.5,0.035,45,123,0.98949,3.24,0.36,12.6,7
6,0.19,0.26,1.4,0.039,30,104,0.98998,3.32,0.41,12.4,6
6.6,0.29,0.39,6.75,0.031,22,98,0.9913,3.15,0.8,12.9,7
7.3,0.31,0.25,6.65,0.032,30,138,0.99244,2.9,0.37,11.1,5
6.1,0.34,0.27,2.6,0.024,20,105,0.9906,3.4,0.67,12.2,7
6.7,0.37,0.25,2.5,0.028,24,84,0.9909,3.14,0.36,11.7,6
6.4,0.16,0.37,1.5,0.037,27,109,0.99345,3.38,0.5,9.8,6
6.4,0.23,0.35,10.3,0.042,54,140,0.9967,3.23,0.47,9.2,5
5.8,0.23,0.27,1.8,0.043,24,69,0.9933,3.38,0.31,9.4,6
6.7,0.25,0.31,1.35,0.061,30.5,218,0.99388,3.16,0.53,9.5,5
7.2,0.17,0.34,6.4,0.042,16,111,0.99278,2.99,0.4,10.8,6
6.8,0.19,0.4,9.85,0.055,41,103,0.99532,2.98,0.56,10.5,6
6.7,0.21,0.36,8.55,0.02,20,86,0.99146,3.19,0.22,13.4,7
6.7,0.31,0.44,6.7,0.054,29,160,0.9952,3.04,0.44,9.6,5
7,0.18,0.37,1.5,0.043,16,104,0.99216,3.18,0.5,10.8,5
7.3,0.28,0.54,12.9,0.049,62,162.5,0.9984,3.06,0.45,9.1,6
6,0.26,0.29,3.1,0.041,37,144,0.98944,3.22,0.39,12.8,7
8.3,0.16,0.37,7.9,0.025,38,107,0.99306,2.93,0.37,11.9,6
6.4,0.31,0.31,12.9,0.045,55,161,0.99546,3.02,0.59,10.2,5
6.4,0.14,0.31,1.2,0.034,53,138,0.99084,3.38,0.35,11.5,7
6.6,0.23,0.32,1.7,0.024,26,102,0.99084,3.29,0.6,11.8,6
6.5,0.26,0.34,1.4,0.04,25,184,0.99216,3.29,0.46,10.7,5
8.6,0.36,0.26,11.1,0.03,43.5,171,0.9948,3.03,0.49,12,5
5.2,0.365,0.08,13.5,0.041,37,142,0.997,3.46,0.39,9.9,6
6.4,0.34,0.2,14.9,0.06,37,162,0.9983,3.13,0.45,9,4
5.2,0.185,0.22,1,0.03,47,123,0.99218,3.55,0.44,10.15,6
5.9,0.29,0.16,7.9,0.044,48,197,0.99512,3.21,0.36,9.4,5
6.9,0.32,0.27,16,0.034,58,185,0.99938,3.34,0.6,9,6
6.4,0.27,0.3,1.6,0.04,19,86,0.99089,3.32,0.65,11.5,6
8.4,0.31,0.31,0.95,0.021,52,148,0.99038,2.93,0.32,11.5,5
6.6,0.27,0.25,3.1,0.052,41,188,0.9915,3.24,0.4,11.3,5
7.6,0.31,0.23,12.7,0.054,20,139,0.99836,3.16,0.5,9.7,4
6.4,0.28,0.44,7.1,0.048,49,179,0.99528,3.15,0.48,9.2,5
6.7,0.2,0.41,9.1,0.044,50,166,0.9954,3.14,0.58,9.8,6
5.2,0.44,0.04,1.4,0.036,43,119,0.9894,3.36,0.33,12.1,8
7.9,0.19,0.45,1.5,0.045,17,96,0.9917,3.13,0.39,11,6
7.2,0.55,0.09,1.5,0.108,16,151,0.9938,3.07,0.57,9.2,4
5.6,0.34,0.25,2.5,0.046,47,182,0.99093,3.21,0.4,11.3,5
7.6,0.19,0.37,13.1,0.033,52,151,0.99726,3.18,0.79,10.4,6
7.6,0.2,0.3,14.2,0.056,53,212.5,0.999,3.14,0.46,8.9,8
5.6,0.19,0.31,2.7,0.027,11,100,0.98964,3.46,0.4,13.2,7
7.3,0.4,0.28,6.5,0.037,26,97,0.99148,3.16,0.58,12.6,7
6.8,0.27,0.28,7.8,0.038,26,89,0.9915,3.24,0.34,12.5,6
6.1,0.28,0.32,2.5,0.042,23,218.5,0.9935,3.27,0.6,9.8,5
6.9,0.44,0.42,8.5,0.048,10,147,0.9974,3.32,0.46,9.5,6
6,0.22,0.28,1.1,0.034,47,90,0.98862,3.22,0.38,12.6,6
6.4,0.22,0.49,7.5,0.054,42,151,0.9948,3.27,0.52,10.1,6
6.9,0.28,0.3,1.6,0.047,46,132,0.9918,3.35,0.38,11.1,7
6.5,0.24,0.32,7.6,0.038,48,203,0.9958,3.45,0.54,9.7,7
7.1,0.44,0.27,8.4,0.057,60,160,0.99257,3.16,0.36,11.8,6
6.9,0.19,0.32,7.9,0.042,30,130,0.99456,3.4,0.39,10.5,6
6.4,0.27,0.17,8.4,0.044,60,198,0.99578,3.21,0.47,9.4,5
7.3,0.19,0.27,13.9,0.057,45,155,0.99807,2.94,0.41,8.8,8
4.7,0.785,0,3.4,0.036,23,134,0.98981,3.53,0.92,13.8,6
6.6,0.39,0.22,4,0.038,17,98,0.99018,3.25,0.53,13,7
7.4,0.16,0.3,13.7,0.056,33,168,0.99825,2.9,0.44,8.7,7
5.8,0.26,0.18,1.2,0.031,40,114,0.9908,3.42,0.4,11,7
7.1,0.17,0.4,14.55,0.047,47,156,0.99945,3.34,0.78,9.1,6
6,0.26,0.26,2.2,0.035,10,72,0.989465,3.11,0.48,12.15,6
6.1,0.45,0.27,0.8,0.039,13,82,0.9927,3.23,0.32,9.5,5
7.1,0.16,0.36,1.2,0.043,21,90,0.9925,3.16,0.42,11,7
6.7,0.18,0.3,6.4,0.048,40,251,0.9956,3.29,0.52,10,5
6.6,0.36,0.24,0.9,0.038,15,72,0.99066,3.23,0.39,11,5
6.6,0.12,0.25,1.4,0.039,21,131,0.99114,3.2,0.45,11.2,7
7.3,0.34,0.3,1.3,0.057,25,173,0.9948,3.26,0.51,9.1,6
7.3,0.24,0.34,15.4,0.05,38,174,0.9983,3.03,0.42,9,6
7.5,0.26,0.26,18.35,0.084,33,139,1.0011,3.17,0.39,8.8,5
7.3,0.32,0.29,1.5,0.038,32,144,0.99296,3.2,0.55,10.8,5
8.4,0.27,0.46,8.7,0.048,39,197,0.9974,3.14,0.59,9.6,6
6.2,0.15,0.27,1.4,0.041,51,117,0.9909,3.28,0.38,11.2,6
6.6,0.19,0.43,10.9,0.045,53,154,0.99752,3.52,0.77,10.4,6
6.3,0.26,0.42,7.1,0.045,62,209,0.99544,3.2,0.53,9.5,6
6.8,0.14,0.18,1.4,0.047,30,90,0.99164,3.27,0.54,11.2,6
6.8,0.43,0.3,3.5,0.033,27,135,0.9906,3,0.37,12,6
5.4,0.185,0.19,7.1,0.048,36,110,0.99438,3.26,0.41,9.5,6
7.8,0.25,0.28,7.2,0.04,46,179,0.99541,3.14,0.6,10.1,6
6.3,0.23,0.31,1.5,0.022,11,82,0.9892,3.3,0.4,12.9,7
8.2,0.42,0.29,4.1,0.03,31,100,0.9911,3,0.32,12.8,7
8.9,0.27,0.34,10.7,0.029,19.5,166,0.99669,3.13,0.48,10.6,5
7.5,0.28,0.41,1.3,0.044,11,126,0.99293,3.28,0.45,10.3,5
7.6,0.23,0.34,1.6,0.043,24,129,0.99305,3.12,0.7,10.4,5
6.4,0.24,0.29,1,0.038,18,122,0.9906,3.3,0.42,11.5,5
6.8,0.45,0.3,11.8,0.094,23,97,0.997,3.09,0.44,9.6,5
7.3,0.17,0.36,8.2,0.028,44,111,0.99272,3.14,0.41,12.4,6
6.1,0.37,0.46,12,0.042,61,210,0.997,3.17,0.59,9.7,6
7.4,0.24,0.42,14,0.066,48,198,0.9979,2.89,0.42,8.9,6
6.2,0.34,0.29,7.6,0.047,45,232,0.9955,3.35,0.62,10,6
4.9,0.345,0.34,1,0.068,32,143,0.99138,3.24,0.4,10.1,5
8.3,0.24,0.27,2.1,0.03,22,162,0.9914,2.99,0.68,11.9,6
7.3,0.655,0.2,10.2,0.071,28,212,0.9971,2.96,0.58,9.2,6
6.8,0.2,0.36,1.6,0.028,7,46,0.99175,3.21,0.6,10.9,6
6.9,0.19,0.4,1.4,0.036,14,55,0.9909,3.08,0.68,11.5,7
5.5,0.16,0.31,1.2,0.026,31,68,0.9898,3.33,0.44,11.65,6
6.8,0.21,0.27,18.15,0.042,41,146,1.0001,3.3,0.36,8.7,5
6.2,0.3,0.28,1.6,0.036,28,106,0.988245,3.14,0.41,13.3,6
7.8,0.24,0.32,12.2,0.054,42,138,0.9984,3.01,0.54,8.8,5
6.4,0.16,0.32,8.75,0.038,38,118,0.99449,3.19,0.41,10.7,5
6.9,0.24,0.4,15.4,0.052,81,198,0.9986,3.2,0.69,9.4,5
7.1,0.12,0.32,9.6,0.054,64,162,0.9962,3.4,0.41,9.4,5
6.7,0.21,0.48,14.8,0.05,31,195,0.99942,2.95,0.75,8.8,6
10.7,0.22,0.56,8.2,0.044,37,181,0.998,2.87,0.68,9.5,6
7.3,0.18,0.29,1,0.036,26,101,0.99,3.09,0.37,11.7,6
7.4,0.24,0.22,10.7,0.042,26,81,0.9954,2.86,0.36,9.7,6
7.3,0.21,0.29,1.6,0.034,29,118,0.9917,3.3,0.5,11,8
9.1,0.59,0.38,1.6,0.066,34,182,0.9968,3.23,0.38,8.5,3
6.5,0.19,0.27,4.9,0.037,13,101,0.9916,3.17,0.41,11.8,6
7.3,0.25,0.26,7.2,0.048,52,207,0.99587,3.12,0.37,9.2,5
6.6,0.21,0.39,2.3,0.041,31,102,0.99221,3.22,0.58,10.9,7
6.7,0.47,0.34,8.9,0.043,31,172,0.9964,3.22,0.6,9.2,5
7.9,0.17,0.32,1.6,0.053,47,150,0.9948,3.29,0.76,9.6,6
6.9,0.18,0.38,8.1,0.049,44,176,0.9958,3.3,0.54,9.8,6
7.4,0.3,0.49,8.2,0.055,49,188,0.9974,3.52,0.58,9.7,6
6.6,0.27,0.29,5.3,0.045,57,189,0.9953,3.31,0.79,9.8,5
6.5,0.27,0.19,6.6,0.045,98,175,0.99364,3.16,0.34,10.1,6
6,0.615,0.04,0.8,0.032,8,50,0.99036,3.14,0.4,11,4
6.8,0.21,0.37,7,0.038,27,107,0.99206,2.98,0.82,11.5,6
6.8,0.21,0.55,14.6,0.053,34,159,0.99805,2.93,0.44,9.2,5
7.1,0.27,0.28,1.25,0.023,3,89,0.98993,2.95,0.3,11.4,4
6.5,0.21,0.28,1.4,0.046,26,66,0.99199,3.43,0.48,11.1,6
7.2,0.37,0.4,11.6,0.032,34,214,0.9963,3.1,0.51,9.8,6
6.6,0.3,0.45,8,0.038,54,200,0.9956,3.18,0.48,9.5,5
7.5,0.32,0.49,1.7,0.031,44,109,0.9906,3.07,0.46,12.5,6
9.2,0.34,0.27,1.2,0.026,17,73,0.9921,3.08,0.39,10.8,5
8.1,0.26,0.27,4.3,0.03,43,123,0.99212,3.16,0.33,11.2,6
7.5,0.38,0.33,5,0.045,30,131,0.9942,3.32,0.44,10.9,6
7,0.35,0.24,1.9,0.04,21,144,0.9923,3.35,0.38,11,5
7.5,0.34,0.35,6,0.034,12,126,0.9924,3.16,0.39,12,7
6.5,0.39,0.23,5.4,0.051,25,149,0.9934,3.24,0.35,10,5
8.2,0.2,0.49,3.5,0.057,14,108,0.9928,3.19,0.35,11.5,6
6,0.26,0.32,3.5,0.028,29,113,0.9912,3.4,0.71,12.3,7
6.9,0.24,0.49,1.3,0.032,35,148,0.9932,3.45,0.57,10.7,7
6.6,0.23,0.2,11.4,0.044,45,131,0.99604,2.96,0.51,9.7,6
7.1,0.09,0.3,6.2,0.032,24,134,0.993,2.99,0.39,10.9,6
6.2,0.3,0.42,2.2,0.036,28,128,0.9901,3.13,0.38,11.6,6
7.1,0.23,0.24,5.4,0.039,60,196,0.9948,3.19,0.78,10,4
6.7,0.31,0.18,7.7,0.043,57,200,0.99566,3.17,0.44,9.4,6
6.6,0.37,0.47,6.5,0.061,23,150,0.9954,3.14,0.45,9.6,6
6.6,0.42,0.33,2.8,0.034,15,85,0.99,3.28,0.51,13.4,6
7.2,0.29,0.4,7.6,0.024,56,177,0.9928,3.04,0.32,11.5,6
5.6,0.12,0.33,2.9,0.044,21,73,0.98896,3.17,0.32,12.9,8
6.5,0.26,0.28,12.5,0.046,80,225,0.99685,3.18,0.41,10,6
6.8,0.39,0.35,11.6,0.044,57,220,0.99775,3.07,0.53,9.3,5
6.1,0.3,0.3,2.1,0.031,50,163,0.9895,3.39,0.43,12.7,7
5.9,0.32,0.28,4.7,0.039,34,94,0.98964,3.22,0.57,13.1,7
6.6,0.3,0.24,1.2,0.034,17,121,0.9933,3.13,0.36,9.2,5
7.4,0.24,0.29,10.1,0.05,21,105,0.9962,3.13,0.35,9.5,5
8.4,0.3,0.25,17.75,0.047,25,218,1.00016,2.98,0.66,9.1,5
6.9,0.16,0.35,1.3,0.043,21,182,0.9927,3.25,0.62,10.8,6
4.9,0.335,0.14,1.3,0.036,69,168,0.99212,3.47,0.46,10.46666667,5
7.2,0.25,0.28,14.4,0.055,55,205,0.9986,3.12,0.38,9,7
7.4,0.18,0.36,13.1,0.056,72,163,1,3.42,0.35,9.1,6
6.2,0.18,0.38,1.5,0.028,36,117,0.993,3.47,0.54,9.7,6
6.1,0.19,0.37,2.6,0.041,24,99,0.99153,3.18,0.5,10.9,6
5.7,0.21,0.25,1.1,0.035,26,81,0.9902,3.31,0.52,11.4,6
7,0.32,0.35,1.5,0.039,24,125,0.9918,3.17,0.64,12.2,6
7,0.31,0.35,1.6,0.063,13,119,0.99184,3.22,0.5,10.7,5
7.4,0.35,0.2,13.9,0.054,63,229,0.99888,3.11,0.5,8.9,6
5.6,0.22,0.32,1.2,0.024,29,97,0.98823,3.2,0.46,13.05,7
4.8,0.225,0.38,1.2,0.074,47,130,0.99132,3.31,0.4,10.3,6
6.2,0.33,0.19,5.6,0.042,22,143,0.99425,3.15,0.63,9.9,5
6,0.39,0.26,2.7,0.038,39,187,0.99325,3.41,0.5,10.8,6
5.9,0.25,0.27,1.5,0.029,37,81,0.9892,3.2,0.46,12.2,6
6.4,0.27,0.45,8.3,0.05,52,196,0.9955,3.18,0.48,9.5,5
7,0.35,0.31,1.8,0.069,15,162,0.9944,3.18,0.47,9.4,5
6.4,0.16,0.25,1.4,0.057,21,125,0.99091,3.23,0.44,11.1,7
7.2,0.17,0.41,1.6,0.052,24,126,0.99228,3.19,0.49,10.8,5
6.8,0.21,0.31,2.9,0.046,40,121,0.9913,3.07,0.65,10.9,7
7.2,0.2,0.38,1,0.037,21,74,0.9918,3.21,0.37,11,5
6.9,0.23,0.35,6.9,0.03,45,116,0.99244,2.8,0.54,11,6
5.4,0.29,0.38,1.2,0.029,31,132,0.98895,3.28,0.36,12.4,6
7.7,0.32,0.61,11.8,0.041,66,188,0.99794,3,0.54,9.3,5
7.4,0.29,0.5,1.8,0.042,35,127,0.9937,3.45,0.5,10.2,7
7.5,0.24,0.49,9.4,0.048,50,149,0.9962,3.17,0.59,10.5,7
7.8,0.32,0.33,2.4,0.037,18,101,0.9912,3.21,0.65,11.7,7
5.6,0.245,0.25,9.7,0.032,12,68,0.994,3.31,0.34,10.5,5
5.8,0.27,0.2,7.3,0.04,42,145,0.99442,3.15,0.48,9.8,5
8,0.44,0.49,9.1,0.031,46,151,0.9926,3.16,0.27,12.7,8
6.9,0.28,0.41,1.4,0.016,6,55,0.98876,3.16,0.4,13.4,5
6.9,0.41,0.33,10.1,0.043,28,152,0.9968,3.2,0.52,9.4,5
7.9,0.345,0.51,15.3,0.047,54,171,0.9987,3.09,0.51,9.1,5
7.1,0.33,0.64,13.2,0.056,12,105,0.9972,3.05,0.39,9.2,5
6.9,0.16,0.3,9.6,0.057,50,185,0.9978,3.39,0.38,9.6,6
6.8,0.18,0.3,12.8,0.062,19,171,0.99808,3,0.52,9,7
5.7,0.1,0.27,1.3,0.047,21,100,0.9928,3.27,0.46,9.5,5
8,0.36,0.43,10.1,0.053,29,146,0.9982,3.4,0.46,9.5,6
7.1,0.2,0.3,0.9,0.019,4,28,0.98931,3.2,0.36,12,6
7.5,0.34,0.28,4,0.028,46,100,0.98958,3.2,0.5,13.2,7
7,0.24,0.3,4.2,0.04,41,213,0.9927,3.28,0.49,11.8,6
7.2,0.24,0.27,1.4,0.038,31,122,0.9927,3.15,0.46,10.3,6
6.6,0.28,0.41,7,0.046,59,194,0.99558,3.14,0.48,9.4,5
6.7,0.28,0.34,8.9,0.048,32,111,0.99455,3.25,0.54,11,7
6.1,0.34,0.21,5,0.042,17,133,0.99373,3.02,0.53,9.4,5
7.1,0.49,0.22,2,0.047,146.5,307.5,0.9924,3.24,0.37,11,3
6.8,0.18,0.37,1.6,0.055,47,154,0.9934,3.08,0.45,9.1,5
6.2,0.24,0.25,12.5,0.055,47,134,0.99758,3.3,0.51,9,5
9.2,0.71,0.23,6.2,0.042,15,93,0.9948,2.89,0.34,10.1,6
5.8,0.27,0.22,12.7,0.058,42,206,0.9946,3.32,0.38,12.3,6
6.9,0.42,0.2,15.4,0.043,57,201,0.99848,3.08,0.54,9.4,5
7.5,0.23,0.36,7,0.036,43,161,0.9938,3.04,0.32,11,5
6.1,0.36,0.58,15,0.044,42,115,0.9978,3.15,0.51,9,5
6.9,0.18,0.36,1.3,0.036,40,117,0.9934,3.27,0.95,9.5,7
6,0.27,0.28,4.8,0.063,31,201,0.9964,3.69,0.71,10,5
6.3,0.19,0.28,1.8,0.022,28,158,0.9907,3.2,0.64,11.4,6
6.1,0.32,0.33,10.7,0.036,27,98,0.99521,3.34,0.52,10.2,6
5.9,0.34,0.31,2,0.03,38,142,0.98892,3.4,0.41,12.9,7
7.3,0.25,0.36,2.1,0.034,30,177,0.99085,3.25,0.4,11.9,8
6.1,0.28,0.25,17.75,0.044,48,161,0.9993,3.34,0.48,9.5,5
6.7,0.24,0.35,13.1,0.05,64,205,0.997,3.15,0.5,9.5,5
7.2,0.24,0.29,3,0.036,17,117,0.99411,3.36,0.68,10.1,6
6.3,0.34,0.36,4.9,0.035,31,185,0.9946,3.15,0.49,9.7,5
6,0.32,0.46,1.5,0.05,56,189,0.99308,3.24,0.49,9.6,5
6.9,0.32,0.26,8.3,0.053,32,180,0.9965,3.25,0.51,9.2,6
5.3,0.31,0.38,10.5,0.031,53,140,0.99321,3.34,0.46,11.7,6
8.8,0.34,0.33,9.7,0.036,46,172,0.9966,3.08,0.4,10.2,5
6.4,0.16,0.44,1.2,0.051,39,122,0.99058,3.11,0.75,11.3,7
6.8,0.19,0.36,1.9,0.035,30,96,0.9917,3.15,0.54,10.8,7
7.3,0.18,0.29,1.2,0.044,12,143,0.9918,3.2,0.48,11.3,7
8.3,0.2,0.74,4.45,0.044,33,130,0.9924,3.25,0.42,12.2,6
7.6,0.17,0.35,1.6,0.047,43,154,0.9934,3.36,0.69,11.1,6
6.1,0.46,0.32,6.2,0.053,10,94,0.99537,3.35,0.47,10.1,5
9.2,0.25,0.34,1.2,0.026,31,93,0.9916,2.93,0.37,11.3,7
6,0.28,0.29,19.3,0.051,36,174,0.99911,3.14,0.5,9,5
6.3,0.21,0.28,1.5,0.051,46,142,0.9928,3.23,0.42,10.1,6
6.2,0.53,0.02,0.9,0.035,6,81,0.99234,3.24,0.35,9.5,4
6.9,0.21,0.33,1.4,0.056,35,136,0.9938,3.63,0.78,10.3,6
6.6,0.18,0.26,17.3,0.051,17,149,0.9984,3,0.43,9.4,6
6.6,0.25,0.31,1.5,0.035,32,127,0.9921,3.41,0.47,11.3,6
6.8,0.22,0.32,5.9,0.054,40,152,0.9938,3.2,0.57,10.8,6
6.1,0.105,0.31,1.3,0.037,55,145,0.9912,3.41,0.41,11.1,7
7.8,0.16,0.41,1.7,0.026,29,140,0.991,3.02,0.78,12.5,6
6.8,0.24,0.29,9.5,0.042,56,157,0.99586,3.11,0.51,10.1,6
6.9,0.22,0.32,9.3,0.04,22,110,0.9958,3.34,0.54,10.7,7
6,0.36,0.16,6.3,0.036,36,191,0.9942,3.17,0.62,9.8,5
6.4,0.21,0.21,5.1,0.097,21,105,0.9939,3.07,0.46,9.6,5
7.3,0.28,0.35,1.6,0.054,31,148,0.99178,3.18,0.47,10.7,5
6.6,0.26,0.27,1.5,0.04,19,114,0.99295,3.36,0.62,10.5,6
7.5,0.32,0.24,4.6,0.053,8,134,0.9958,3.14,0.5,9.1,3
7.7,0.3,0.34,1.2,0.048,4,119,0.99084,3.18,0.34,12.1,6
5.7,0.31,0.28,4.1,0.03,22,86,0.99062,3.31,0.38,11.7,7
6.4,0.22,0.38,9.1,0.044,35,127,0.99326,2.97,0.3,11,7
6,0.28,0.25,1.8,0.042,8,108,0.9929,3.08,0.55,9,5
6.5,0.26,0.39,1.4,0.02,12,66,0.99089,3.25,0.75,11.3,7
6.2,0.34,0.25,12.1,0.059,33,171,0.99769,3.14,0.56,8.7,6
6.3,0.24,0.29,1.6,0.052,48,185,0.9934,3.21,0.5,9.4,5
5.4,0.33,0.31,4,0.03,27,108,0.99031,3.3,0.43,12.2,7
6.4,0.2,0.22,7.4,0.032,53,172,0.99404,3.24,0.58,11,6
7.6,0.18,0.36,2.4,0.049,38,123,0.996,3.6,0.46,10.3,5
6,0.495,0.27,5,0.157,17,129,0.99396,3.03,0.36,9.3,5
7,0.19,0.33,6.3,0.032,42,127,0.99182,3.31,0.38,12.2,6
6.8,0.37,0.51,11.8,0.044,62,163,0.9976,3.19,0.44,8.8,5
6.8,0.3,0.35,2.8,0.038,10,164,0.9912,3.09,0.53,12,6
5.8,0.26,0.24,9.2,0.044,55,152,0.9961,3.31,0.38,9.4,5
6.5,0.23,0.39,1.9,0.036,41,98,0.99,3.19,0.43,11.9,7
6.7,0.26,0.29,7.1,0.036,28,100,0.99534,3.08,0.36,9.3,6
7.8,0.49,0.49,7,0.043,29,149,0.9952,3.21,0.33,10,5
7.2,0.34,0.23,8.9,0.105,22,155,0.99692,3.01,0.58,9.5,5
7.7,0.39,0.34,10,0.056,35,178,0.9974,3.26,0.6,10.2,5
6.4,0.29,0.57,1,0.06,15,120,0.9924,3.06,0.41,9.5,5
7,0.31,0.52,1.7,0.029,5,61,0.9918,3.07,0.43,10.4,5
7.3,0.3,0.74,13.5,0.039,46,165,0.9982,3.02,0.4,8.7,5
7.8,0.27,0.58,11.2,0.036,44,161,0.9977,3.06,0.41,8.9,6
7,0.24,0.18,1.3,0.046,9,62,0.994,3.38,0.47,10.1,4
7.6,0.4,0.27,1.2,0.053,23,193,0.99164,3.22,0.38,11.6,5
6,0.32,0.3,1.9,0.033,41,142,0.98912,3.29,0.42,12.8,7
6.8,0.22,0.41,6.7,0.034,39,116,0.99245,3.18,0.46,11.5,6
6.3,0.36,0.2,2,0.048,48,191,0.9929,3.17,0.51,9.6,5
6.4,0.25,0.32,11.3,0.038,69,192,0.99573,3.14,0.5,10.2,6
7,0.21,0.28,8.7,0.045,37,222,0.9954,3.25,0.54,10.4,6
7.5,0.26,0.38,5.7,0.021,23,125,0.99338,3.13,0.62,11.1,6
6,0.31,0.27,2.3,0.042,19,120,0.98952,3.32,0.41,12.7,7
6.5,0.33,0.3,3.8,0.036,34,88,0.99028,3.25,0.63,12.5,7
8.2,0.23,0.4,7.5,0.049,12,76,0.9966,3.06,0.84,9.7,6
7.2,0.27,0.37,5.4,0.026,27,114,0.99174,3.13,0.84,12.7,5
6.2,0.22,0.3,12.4,0.054,108,152,0.99728,3.1,0.47,9.5,6
6.8,0.37,0.28,4,0.03,29,79,0.99,3.23,0.46,12.4,7
5.8,0.28,0.66,9.1,0.039,26,159,0.9965,3.66,0.55,10.8,5
7.7,0.26,0.32,1.2,0.04,26,117,0.993,3.21,0.56,10.8,5
7.6,0.17,0.27,4.6,0.05,23,98,0.99422,3.08,0.47,9.5,6
6.1,0.28,0.24,19.95,0.074,32,174,0.99922,3.19,0.44,9.3,6
6.5,0.32,0.12,11.5,0.033,35,165,0.9974,3.22,0.32,9,5
5.8,0.18,0.37,1.1,0.036,31,96,0.98942,3.16,0.48,12,6
5.8,0.24,0.39,1.5,0.054,37,158,0.9932,3.21,0.52,9.3,6
7.6,0.29,0.29,4.4,0.051,26,146,0.9939,3.16,0.39,10.2,5
7,0.2,0.38,8.1,0.05,42,173,0.99585,3.3,0.54,9.8,6
5.9,0.34,0.25,2,0.042,12,110,0.99034,3.02,0.54,11.4,6
7.6,0.29,0.49,9.6,0.03,45,197,0.9938,3.13,0.38,12.3,7
6.2,0.35,0.03,1.2,0.064,29,120,0.9934,3.22,0.54,9.1,5
6.4,0.33,0.44,8.9,0.055,52,164,0.99488,3.1,0.48,9.6,5
7.5,0.305,0.4,18.9,0.059,44,170,1,2.99,0.46,9,5
6.2,0.16,0.33,1.1,0.057,21,82,0.991,3.32,0.46,10.9,7
6.7,0.18,0.19,4.7,0.046,57,161,0.9946,3.32,0.66,10.5,6
6.6,0.905,0.19,0.8,0.048,17,204,0.9934,3.34,0.56,10,5
6.7,0.19,0.32,3.7,0.041,26,76,0.99173,2.9,0.57,10.5,7
6.3,0.33,0.27,1.2,0.046,34,175,0.9934,3.37,0.54,9.4,6
7,0.23,0.36,13,0.051,72,177,0.9972,3.16,0.49,9.8,5
6.5,0.4,0.31,3.5,0.046,22,147,0.99024,3.15,0.31,12,7
6.2,0.36,0.27,3.2,0.032,13,73,0.98942,2.9,0.69,12.6,7
6.3,0.35,0.3,5.7,0.035,8,97,0.9927,3.27,0.41,11,7
7.2,0.21,1,1.1,0.154,46,114,0.9931,2.95,0.43,9.2,6
6.6,0.38,0.36,9.2,0.061,42,214,0.9976,3.31,0.56,9.4,5
7.6,0.37,0.51,11.7,0.094,58,181,0.99776,2.91,0.51,9,5
8.2,0.3,0.44,12.4,0.043,52,154,0.99452,3.04,0.33,12,6
6.2,0.25,0.21,15.55,0.039,28,159,0.9982,3.48,0.64,9.6,6
6,0.17,0.33,6,0.036,30,111,0.99362,3.32,0.58,10.13333333,7
7.2,0.25,0.32,1.5,0.047,27,132,0.9933,3.26,0.44,10.5,5
7,0.21,0.22,5.1,0.048,38,168,0.9945,3.34,0.49,10.4,6
7.1,0.32,0.24,13.1,0.05,52,204,0.998,3.1,0.49,8.8,5
7.3,0.2,0.37,1.2,0.037,48,119,0.992,3.32,0.49,10.9,6
7.1,0.2,0.34,16,0.05,51,166,0.9985,3.21,0.6,9.2,6
7.5,0.14,0.34,1.3,0.055,50,153,0.9945,3.29,0.8,9.6,6
7.3,0.28,0.42,1.2,0.033,29,142,0.99205,3.17,0.43,10.7,4
7.4,0.21,0.3,7.9,0.039,14,118,0.9942,2.96,0.34,10.4,5
7,0.27,0.29,3.9,0.059,28,199,0.9961,3.54,0.59,10.3,5
5.9,0.24,0.3,2,0.033,28,92,0.99225,3.39,0.69,10.9,7
6.3,0.13,0.42,1.1,0.043,63,146,0.99066,3.13,0.72,11.2,7
6.8,0.45,0.28,26.05,0.031,27,122,1.00295,3.06,0.42,10.6,6
7.2,0.23,0.32,8.5,0.058,47,186,0.9956,3.19,0.4,9.9,6
6.1,0.28,0.16,1.3,0.06,36,126,0.99353,3.13,0.46,8.7,6
7.1,0.21,0.28,2.7,0.034,23,111,0.99405,3.35,0.64,10.2,4
7.3,0.36,0.54,13.3,0.054,63,193,0.99864,3.06,0.49,8.6,4
6.2,0.23,0.36,17.2,0.039,37,130,0.99946,3.23,0.43,8.8,6
6.5,0.22,0.32,2.2,0.028,36,92,0.99076,3.27,0.59,11.9,7
5.8,0.33,0.23,5,0.053,29,106,0.99458,3.13,0.52,9,5
6.4,0.16,0.28,2.2,0.042,33,93,0.9914,3.31,0.43,11.1,6
6.2,0.28,0.28,4.3,0.026,22,105,0.989,2.98,0.64,13.1,8
7.3,0.2,0.29,19.5,0.039,69,237,1.00037,3.1,0.48,9.2,6
6.7,0.27,0.31,15.7,0.036,44,179,0.9979,3.26,0.56,9.6,5
5.8,0.42,0.3,2.2,0.035,26,129,0.989,3.32,0.47,12.9,6
6,0.34,0.32,3.8,0.044,13,116,0.99108,3.39,0.44,11.8,7
6.5,0.21,0.4,7.3,0.041,49,115,0.99268,3.21,0.43,11,6
6.8,0.25,0.27,10.7,0.076,47,154,0.9967,3.05,0.38,9,5
7.5,0.17,0.32,1.7,0.04,51,148,0.9916,3.21,0.44,11.5,7
6.8,0.22,0.3,13.6,0.055,50,180,0.9984,3.44,0.39,9.8,5
6.8,0.17,0.35,1.8,0.04,29,84,0.98961,2.91,0.57,12,7
7,0.31,0.31,9.1,0.036,45,140,0.99216,2.98,0.31,12,7
6.5,0.2,0.24,9.2,0.044,25,150,0.99502,3.22,0.44,10.5,5
6.2,0.76,0.01,3.2,0.041,18,120,0.99026,3.2,0.94,13.7,7
6.7,0.26,0.29,7.7,0.038,40,179,0.99479,3.23,0.56,10.4,6
6.1,0.16,0.34,6.1,0.034,31,114,0.99365,3.32,0.58,10.13333333,7
7.7,0.31,0.23,2,0.069,29,134,0.99382,3.11,0.62,9.8,5
6.2,0.16,0.47,1.4,0.029,23,81,0.99,3.26,0.42,12.2,6
7.3,0.25,0.36,13.1,0.05,35,200,0.9986,3.04,0.46,8.9,7
7.7,0.27,0.34,1.8,0.028,26,168,0.9911,2.99,0.48,12.1,7
5.1,0.26,0.34,6.4,0.034,26,99,0.99449,3.23,0.41,9.2,6
7.6,0.26,0.32,1.3,0.048,23,76,0.9903,2.96,0.46,12,6
8.1,0.24,0.26,11,0.043,41,211,0.99676,3.11,0.49,10,6
6.1,0.27,0.32,6.2,0.048,47,161,0.99281,3.22,0.6,11,6
7.4,0.2,0.29,1.7,0.047,16,100,0.99243,3.28,0.45,10.6,6
7,0.17,0.74,12.8,0.045,24,126,0.9942,3.26,0.38,12.2,8
6.6,0.41,0.24,4.9,0.158,47,144,0.99471,3.17,0.49,9.4,5
6.8,0.27,0.28,13.3,0.076,50,163,0.9979,3.03,0.38,8.6,6
11.8,0.23,0.38,11.1,0.034,15,123,0.9997,2.93,0.55,9.7,3
7.9,0.12,0.49,5.2,0.049,33,152,0.9952,3.18,0.47,10.6,6
6.8,0.28,0.29,11.9,0.052,51,149,0.99544,3.02,0.58,10.4,6
5.9,0.23,0.28,8.6,0.046,37,142,0.99432,3.23,0.53,10.6,6
7.9,0.34,0.44,6.5,0.027,47,126,0.99124,2.96,0.37,12.5,6
7.5,0.13,0.38,1.1,0.023,42,104,0.99112,3.28,0.53,11.8,6
7.4,0.4,0.29,5.4,0.044,31,122,0.994,3.3,0.5,11.1,8
9.7,0.24,0.45,1.2,0.033,11,59,0.9926,2.74,0.47,10.8,6
6.5,0.2,0.33,1.5,0.039,36,110,0.99008,3.22,0.65,12,6
6.7,0.24,0.32,9,0.023,20,109,0.99262,3.34,0.35,12.6,6
6.9,0.19,0.6,4,0.037,6,122,0.99255,2.92,0.59,10.4,4
7.2,0.37,0.15,2,0.029,27,87,0.9903,3.3,0.59,12.6,7
7.6,0.3,0.25,4.3,0.054,22,111,0.9956,3.12,0.49,9.2,5
9.2,0.22,0.4,2.4,0.054,18,151,0.9952,3.04,0.46,9.3,4
6.1,0.34,0.29,2.2,0.036,25,100,0.98938,3.06,0.44,11.8,6
6.4,0.25,0.33,1.7,0.037,35,113,0.99164,3.23,0.66,10.6,6
6.7,0.48,0.49,2.9,0.03,28,122,0.98926,3.13,0.4,13,6
8.3,0.23,0.3,2.1,0.049,21,153,0.9953,3.09,0.5,9.6,6
6.5,0.33,0.24,14.5,0.048,20,96,0.99456,3.06,0.3,11.5,8
7.8,0.3,0.74,1.8,0.033,33,156,0.991,3.29,0.52,12.8,6
6.6,0.18,0.35,1.5,0.049,49,141,0.9934,3.43,0.85,10.2,7
6.9,0.46,0.2,0.9,0.054,5,126,0.992,3.1,0.42,10.4,6
6.5,0.15,0.55,5.9,0.045,75,162,0.99482,2.97,0.4,9.3,5
7.5,0.24,0.31,13.1,0.05,26,180,0.99884,3.05,0.53,9.1,6
6.8,0.32,0.34,6,0.05,5,129,0.9953,3.19,0.4,9.1,5
6.7,0.18,0.25,14.3,0.048,79,149,0.9975,3.12,0.37,9.7,5
5.6,0.26,0,10.2,0.038,13,111,0.99315,3.44,0.46,12.4,6
6.8,0.32,0.33,0.7,0.027,15,66,0.9899,3.11,0.31,11.8,6
7.6,0.27,0.29,2.5,0.059,37,115,0.99328,3.09,0.37,9.8,5
6.9,0.3,0.25,3.3,0.041,26,124,0.99428,3.18,0.5,9.3,6
7.2,0.32,0.3,8.25,0.02,14,104,0.99362,2.99,0.44,11.4,6
5.9,0.37,0.1,1.6,0.057,39,128,0.9924,3.24,0.48,10.1,5
7.3,0.26,0.31,1.6,0.04,39,173,0.9918,3.19,0.51,11.4,6
7.2,0.33,0.34,2,0.044,61,171,0.98947,3.25,0.53,13.3,7
5.8,0.22,0.25,1.5,0.024,21,109,0.99234,3.37,0.58,10.4,6
6.5,0.22,0.19,1.1,0.064,36,191,0.99297,3.05,0.5,9.5,6
7.8,0.28,0.31,2.1,0.046,28,208,0.99434,3.23,0.64,9.8,5
6.3,0.25,0.22,3.3,0.048,41,161,0.99256,3.16,0.5,10.5,6
8.2,0.35,0.4,6.3,0.039,35,162,0.9936,3.15,0.34,11.9,7
6.5,0.34,0.36,11,0.052,53,247,0.9984,3.44,0.55,9.3,6
6.6,0.34,0.24,3.3,0.034,29,99,0.99031,3.1,0.4,12.3,7
6.6,0.17,0.26,7.4,0.052,45,128,0.99388,3.16,0.37,10,6
6.4,0.33,0.31,5.5,0.048,42,173,0.9951,3.19,0.66,9.3,6
6.3,0.3,0.48,7.4,0.053,34,149,0.99472,3.18,0.53,9.8,5
8.1,0.28,0.39,1.9,0.029,18,79,0.9923,3.23,0.52,11.8,6
7.4,0.16,0.3,13.7,0.056,33,168,0.99825,2.9,0.44,8.7,7
7,0.39,0.24,1,0.048,8,119,0.9923,3,0.31,10.1,4
7,0.13,0.37,12.85,0.042,36,105,0.99581,3.05,0.55,10.7,6
5.7,0.22,0.22,16.65,0.044,39,110,0.99855,3.24,0.48,9,6
6.6,0.34,0.2,1,0.053,26,112,0.99336,3.32,0.55,9.1,5
6.4,0.26,0.21,7.1,0.04,35,162,0.9956,3.39,0.58,9.9,6
5.7,0.335,0.34,1,0.04,13,174,0.992,3.27,0.66,10,5
6.4,0.26,0.24,6.4,0.04,27,124,0.9903,3.22,0.49,12.6,7
6.4,0.29,0.44,3.6,0.2,75,181,0.9942,3.02,0.41,9.1,5
6.9,0.33,0.21,1,0.053,39,148,0.9927,3.12,0.45,9.4,6
6,0.25,0.28,2.2,0.026,54,126,0.9898,3.43,0.65,12.9,8
8.6,0.23,0.25,11.3,0.031,13,96,0.99645,3.11,0.4,10.8,5
6.4,0.25,0.41,8.6,0.042,57,173,0.9965,3,0.44,9.1,5
5.6,0.255,0.57,10.7,0.056,66,171,0.99464,3.25,0.61,10.4,7
6.3,0.39,0.22,2.8,0.048,53,173,0.99304,3.24,0.45,9.8,5
7,0.25,0.45,2.3,0.045,40,118,0.99064,3.16,0.48,11.9,7
5.9,0.33,0.32,8.1,0.038,9,34,0.9911,3.22,0.36,12.7,7
6.8,0.3,0.33,12.8,0.041,60,168,0.99659,3.1,0.56,9.8,5
6.6,0.34,0.28,1.3,0.035,32,90,0.9916,3.1,0.42,10.7,6
6.8,0.27,0.12,1.3,0.04,87,168,0.992,3.18,0.41,10,5
7.4,0.19,0.31,14.5,0.045,39,193,0.9986,3.1,0.5,9.2,6
6.3,0.34,0.31,6,0.02,18,68,0.98981,3.22,0.29,13.4,7
7.6,0.23,0.34,1.6,0.043,24,129,0.99305,3.12,0.7,10.4,5
6.8,0.24,0.33,3.2,0.049,68,161,0.99324,3.1,0.69,10.2,6
7.7,0.39,0.28,4.9,0.035,36,109,0.9918,3.19,0.58,12.2,7
6.8,0.21,0.49,14.5,0.06,50,170,0.9991,3.55,0.44,9.8,6
6.5,0.3,0.32,2,0.044,34,90,0.99185,3.37,0.68,11,7
6.3,0.41,0.22,7.3,0.035,23,117,0.99172,3.2,0.39,11.94,7
6.3,0.32,0.17,17.75,0.06,51,190,0.99916,3.13,0.48,8.8,6
5.7,0.16,0.26,6.3,0.043,28,113,0.9936,3.06,0.58,9.9,6
6.6,0.23,0.37,8.5,0.036,46,153,0.99576,3.2,0.48,9.4,6
6.6,0.23,0.27,5.6,0.043,43,164,0.9953,3.27,0.76,9.5,5
6.6,0.435,0.38,9.2,0.058,66,243,0.99833,3.23,0.54,9.1,6
6,0.28,0.24,17.8,0.047,42,111,0.99896,3.1,0.45,8.9,6
7.4,0.18,0.31,1.4,0.058,38,167,0.9931,3.16,0.53,10,7
7.6,0.19,0.38,10.6,0.06,48,174,0.9962,3.13,0.38,10.5,6
6.3,0.18,0.22,5.6,0.047,45,147,0.99383,3.09,0.54,10,5
7.5,0.4,1,19.5,0.041,33,148,0.9977,3.24,0.38,12,6
6,0.17,0.21,6,0.05,26,134,0.9939,3.08,0.54,9.8,6
6.6,0.32,0.47,15.6,0.063,27,173,0.99872,3.18,0.56,9,5
6.5,0.22,0.31,3.9,0.046,17,106,0.99098,3.15,0.31,11.5,5
7,0.24,0.24,9,0.03,42,219,0.99636,3.47,0.46,10.2,6
6.8,0.32,0.39,9.6,0.026,34,124,0.99286,3.18,0.35,12.1,6
6,0.29,0.41,10.8,0.048,55,149,0.9937,3.09,0.59,10.96666667,7
7.7,0.44,0.24,11.2,0.031,41,167,0.9948,3.12,0.43,11.3,7
7.2,0.23,0.39,14.2,0.058,49,192,0.9979,2.98,0.48,9,7
5.6,0.29,0.05,0.8,0.038,11,30,0.9924,3.36,0.35,9.2,5
5.9,0.62,0.28,3.5,0.039,55,152,0.9907,3.44,0.44,12,6
6,0.16,0.27,12,0.03,39,98,0.99402,3.15,0.34,10.8,5
6.3,0.24,0.22,11.9,0.05,65,179,0.99659,3.06,0.58,9.3,6
7.6,0.18,0.46,10.2,0.055,58,135,0.9968,3.14,0.43,9.9,6
5,0.235,0.27,11.75,0.03,34,118,0.9954,3.07,0.5,9.4,6
7.2,0.26,0.32,10.4,0.062,23,114,0.9966,3.23,0.49,10.5,5
7.7,0.39,0.28,4.9,0.035,36,109,0.9918,3.19,0.58,12.2,7
6.8,0.15,0.41,12.9,0.044,79.5,183,0.99742,3.24,0.78,10.2,6
6.5,0.23,0.2,7.5,0.05,44,179,0.99504,3.18,0.48,9.533333333,5
6.6,0.33,0.24,16.05,0.045,31,147,0.99822,3.08,0.52,9.2,5
6.7,0.38,0.26,9.55,0.036,35,91,0.9919,2.98,0.37,12.4,6
6.3,0.27,0.25,5.8,0.038,52,155,0.995,3.28,0.38,9.4,6
6.4,0.32,0.23,16.2,0.055,36,176,0.9986,3.26,0.54,9.1,5
6.9,0.28,0.37,9.1,0.037,16,76,0.9948,3.05,0.54,11.1,5
5.8,0.34,0.16,7,0.037,26,116,0.9949,3.46,0.45,10,7
6.4,0.15,0.44,1.2,0.043,67,150,0.9907,3.14,0.73,11.2,7
7.3,0.26,0.33,17.85,0.049,41.5,195,1,3.06,0.44,9.1,7
6,0.34,0.66,15.9,0.046,26,164,0.9979,3.14,0.5,8.8,6
8.2,0.37,0.27,1.7,0.028,10,59,0.9923,2.97,0.48,10.4,5
7,0.28,0.26,1.7,0.042,34,130,0.9925,3.43,0.5,10.7,8
7.3,0.38,0.23,6.5,0.05,18,102,0.99304,3.1,0.55,11.2,4
6.1,0.34,0.46,4.7,0.029,21,94,0.991,3.29,0.62,12.3,6
7.1,0.22,0.32,16.9,0.056,49,158,0.9998,3.37,0.38,9.6,6
7.6,0.32,0.58,16.75,0.05,43,163,0.9999,3.15,0.54,9.2,5
6.5,0.28,0.34,3.6,0.04,29,121,0.99111,3.28,0.48,12.1,7
7.1,0.26,0.19,8.2,0.051,53,187,0.996,3.16,0.52,9.7,5
6.5,0.17,0.31,1.5,0.041,34,121,0.99092,3.06,0.46,10.5,6
7.3,0.17,0.23,6.3,0.051,35,240,0.9963,3.36,0.54,10,6
7.4,0.26,0.43,6,0.022,22,125,0.9928,3.13,0.55,11.5,6
8.2,0.23,0.29,1.8,0.047,47,187,0.9933,3.13,0.5,10.2,6
7,0.14,0.4,1.7,0.035,16,85,0.9911,3.19,0.42,11.8,6
7.1,0.15,0.34,1,0.033,27,73,0.98974,3.24,0.41,12.2,6
5.8,0.23,0.2,2,0.043,39,154,0.99226,3.21,0.39,10.2,6
6.8,0.3,0.26,20.3,0.037,45,150,0.99727,3.04,0.38,12.3,6
6,0.52,0.33,7.7,0.046,24,119,0.99224,3.04,0.38,11,6
5.7,0.255,0.65,1.2,0.079,17,137,0.99307,3.2,0.42,9.4,5
7,0.34,0.3,1.8,0.045,44,142,0.9914,2.99,0.45,10.8,6
6.1,0.2,0.4,1.9,0.028,32,138,0.9914,3.26,0.72,11.7,5
6.9,0.19,0.35,13.5,0.038,49,118,0.99546,3,0.63,10.7,6
7.6,0.27,0.24,3.8,0.058,19,115,0.9958,3.15,0.45,8.9,5
6.7,0.27,0.25,8,0.053,54,202,0.9961,3.22,0.43,9.3,5
6.4,0.28,0.41,6.8,0.045,61,216,0.9952,3.09,0.46,9.4,5
7.3,0.21,0.21,1.6,0.046,35,133,0.99466,3.38,0.46,10,6
7.3,0.3,0.22,6.4,0.056,44,168,0.9947,3.13,0.35,10.1,6
6.8,0.17,0.36,1.4,0.036,38,108,0.99006,3.19,0.66,12,6
6.7,0.3,0.29,2.8,0.025,37,107,0.99159,3.31,0.63,11.3,7
7.4,0.33,0.26,2.6,0.04,29,115,0.9913,3.07,0.52,11.8,7
7.1,0.13,0.4,1.2,0.047,54,134,0.9932,3.3,0.97,9.8,7
